{
    "dempsey": {
        "name": "Dempsey",
        "hp": 150,
        "favored_weapon": "AR",
        "has_juggernog": false,
        "has_double_tap": false,
        "has_deadshot_daiquiri": false
    },

    "nikolai": {
        "name": "Nikolai",
        "hp": 150,
        "favored_weapon": "Shotgun",
        "has_juggernog": false,
        "has_double_tap": false,
        "has_deadshot_daiquiri": false
    },

    "richtofen": {
        "name": "Dr. Richtofen",
        "hp": 150,
        "favored_weapon": "SMG",
        "has_juggernog": false,
        "has_double_tap": false,
        "has_deadshot_daiquiri": false
    },
    
    "takeo": {
        "name": "Takeo",
        "hp": 150,
        "favored_weapon": "Pistol",
        "has_juggernog": false,
        "has_double_tap": false,
        "has_deadshot_daiquiri": false
    }
}