{
    "colt_1911": {
        "name": "Colt 1911",
        "type": "Pistol",
        "fire_mode": "Semi Automatic",
        "mag_size": 8,
        "max_ammo_count": 88, 
        "fire_rate": 1,
        "attack_bonus": 0,
        "die_bonus": 0
    },

    "mp40": {
        "name": "MP40",
        "type": "SMG",
        "fire_mode": "Automatic",
        "mag_size": 32,
        "max_ammo_count": 352, 
        "fire_rate": 5,
        "attack_bonus": 0,
        "die_bonus": 0
    },

    "galil": {
        "name": "Galil",
        "type": "AR",
        "fire_mode": "Automatic",
        "mag_size": 30,
        "max_ammo_count": 360, 
        "fire_rate": 5,
        "attack_bonus": 0,
        "die_bonus": 0
    },

    "m16": {
        "name": "M16",
        "type": "AR",
        "fire_mode": "Burst",
        "mag_size": 30,
        "max_ammo_count": 360, 
        "fire_rate": 3,
        "attack_bonus": 0,
        "die_bonus": 0
    },

    "m14": {
        "name": "M14",
        "type": "AR",
        "fire_mode": "Semi Automatic",
        "mag_size": 15,
        "max_ammo_count": 165, 
        "fire_rate": 1,
        "attack_bonus": 0,
        "die_bonus": 0
    },

    "trench_gun": {
        "name": "Trench Gun",
        "type": "Shotgun",
        "fire_mode": "Semi Automatic",
        "mag_size": 6,
        "max_ammo_count": 66, 
        "fire_rate": 1,
        "attack_bonus": 0,
        "die_bonus": 0
    },

    "olympia": {
        "name": "Olympia",
        "type": "AR",
        "fire_mode": "Automatic",
        "mag_size": 2,
        "max_ammo_count": 44, 
        "fire_rate": 5,
        "attack_bonus": 0,
        "die_bonus": 0
    }

}